{"vms":["DFGFTL_OFF","DFGFTL_ON"],"suites":{"JSRegress":{"arrowfunction-afcall":{"DFGFTL_OFF":{"data":[81.64892578125,93.68310546875,80.642822265625,75.138916015625],"mean":82.7784423828125,"confInt":12.431602613231716},"DFGFTL_ON":{"data":[91.964111328125,87.594970703125,89.5888671875,84.038818359375],"mean":88.29669189453125,"confInt":5.336456243724934}},"functionexp-afcall-1":{"DFGFTL_OFF":{"data":[84.61767578125,74.660888671875,75.88427734375,76.228271484375],"mean":77.8477783203125,"confInt":7.26092227862754},"DFGFTL_ON":{"data":[50.1767578125,49.203857421875,51.775146484375,44.824951171875],"mean":48.99517822265625,"confInt":4.7344942608926335}},"functionexp-afcall-2":{"DFGFTL_OFF":{"data":[91.68994140625,71.00390625,80.9560546875,75.93017578125],"mean":79.89501953125,"confInt":14.08382646721031},"DFGFTL_ON":{"data":[48.77587890625,51.120849609375,46.135009765625,55.483154296875],"mean":50.37872314453125,"confInt":6.310567952689701}},"<geometric>":{"DFGFTL_OFF":{"data":[77.400442613728,77.77479846404813,78.54219197992035,86.23668288138721],"mean":79.98852898477092,"confInt":6.671132680684653},"DFGFTL_ON":{"data":[62.26645473343126,61.788314124005424,56.5817711608839,59.90817642915901],"mean":60.13617911186991,"confInt":4.103731743527141}}}},"runlog":"HOSTNAME:MacBook-Pro-Skachkov.local\n\nHARDWARE:hw.model: MacBookPro8,1\n\nWARMUP/3d-cube: DFGFTL_ON: 0: 0: Time: 101.953857421875\nWARMUP/access-fannkuch: DFGFTL_ON: 0: 0: Time: 112.297119140625\nWARMUP/string-unpack-code: DFGFTL_OFF: 0: 0: Time: 123.60888671875\nWARMUP/date-format-tofte: DFGFTL_ON: 0: 0: Time: 75.9990234375\nWARMUP/string-validate-input: DFGFTL_ON: 0: 0: Time: 52.52294921875\nWARMUP/access-fannkuch: DFGFTL_OFF: 0: 0: Time: 68.458984375\nWARMUP/access-nbody: DFGFTL_ON: 0: 0: Time: 20.078857421875\nWARMUP/bitops-nsieve-bits: DFGFTL_OFF: 0: 0: Time: 85.0146484375\nWARMUP/string-fasta: DFGFTL_ON: 0: 0: Time: 91.017822265625\nWARMUP/access-nbody: DFGFTL_OFF: 0: 0: Time: 36.0830078125\nWARMUP/bitops-bits-in-byte: DFGFTL_ON: 0: 0: Time: 25.56298828125\nWARMUP/crypto-aes: DFGFTL_ON: 0: 0: Time: 38.578125\nWARMUP/string-tagcloud: DFGFTL_ON: 0: 0: Time: 59.86181640625\nWARMUP/math-partial-sums: DFGFTL_OFF: 0: 0: Time: 53.380126953125\nWARMUP/bitops-bitwise-and: DFGFTL_OFF: 0: 0: Time: 28.27490234375\nWARMUP/math-partial-sums: DFGFTL_ON: 0: 0: Time: 36.031005859375\nWARMUP/3d-morph: DFGFTL_ON: 0: 0: Time: 44.2509765625\nWARMUP/bitops-bitwise-and: DFGFTL_ON: 0: 0: Time: 13.576171875\nWARMUP/controlflow-recursive: DFGFTL_ON: 0: 0: Time: 40.616943359375\nWARMUP/regexp-dna: DFGFTL_OFF: 0: 0: Time: 43.06103515625\nWARMUP/access-nsieve: DFGFTL_OFF: 0: 0: Time: 18.614013671875\nWARMUP/string-unpack-code: DFGFTL_ON: 0: 0: Time: 140.046875\nWARMUP/access-binary-trees: DFGFTL_ON: 0: 0: Time: 32.17431640625\nWARMUP/bitops-3bit-bits-in-byte: DFGFTL_OFF: 0: 0: Time: 18.322998046875\nWARMUP/math-cordic: DFGFTL_ON: 0: 0: Time: 31.49609375\nWARMUP/crypto-sha1: DFGFTL_ON: 0: 0: Time: 28.421142578125\nWARMUP/string-fasta: DFGFTL_OFF: 0: 0: Time: 62.841796875\nWARMUP/string-tagcloud: DFGFTL_OFF: 0: 0: Time: 60.889892578125\nWARMUP/crypto-aes: DFGFTL_OFF: 0: 0: Time: 35.038818359375\nWARMUP/date-format-xparb: DFGFTL_ON: 0: 0: Time: 44.221923828125\nWARMUP/bitops-3bit-bits-in-byte: DFGFTL_ON: 0: 0: Time: 13.555908203125\nWARMUP/date-format-tofte: DFGFTL_OFF: 0: 0: Time: 72.328857421875\nWARMUP/string-base64: DFGFTL_ON: 0: 0: Time: 26.197998046875\nWARMUP/string-validate-input: DFGFTL_OFF: 0: 0: Time: 41.552978515625\nWARMUP/3d-raytrace: DFGFTL_OFF: 0: 0: Time: 74.863037109375\nWARMUP/date-format-xparb: DFGFTL_OFF: 0: 0: Time: 83.36083984375\nWARMUP/crypto-md5: DFGFTL_OFF: 0: 0: Time: 23.134033203125\nWARMUP/string-base64: DFGFTL_OFF: 0: 0: Time: 42.273193359375\nWARMUP/3d-morph: DFGFTL_OFF: 0: 0: Time: 67.68310546875\nWARMUP/math-spectral-norm: DFGFTL_OFF: 0: 0: Time: 30.98291015625\nWARMUP/access-nsieve: DFGFTL_ON: 0: 0: Time: 23.7431640625\nWARMUP/3d-cube: DFGFTL_OFF: 0: 0: Time: 65.69775390625\nWARMUP/bitops-nsieve-bits: DFGFTL_ON: 0: 0: Time: 42.327880859375\nWARMUP/controlflow-recursive: DFGFTL_OFF: 0: 0: Time: 15.258056640625\nWARMUP/bitops-bits-in-byte: DFGFTL_OFF: 0: 0: Time: 30.945068359375\nWARMUP/3d-raytrace: DFGFTL_ON: 0: 0: Time: 76.332763671875\nWARMUP/math-cordic: DFGFTL_OFF: 0: 0: Time: 49.052001953125\nWARMUP/regexp-dna: DFGFTL_ON: 0: 0: Time: 44.87109375\nWARMUP/crypto-sha1: DFGFTL_OFF: 0: 0: Time: 29.708984375\nWARMUP/math-spectral-norm: DFGFTL_ON: 0: 0: Time: 18.14599609375\nWARMUP/access-binary-trees: DFGFTL_OFF: 0: 0: Time: 18.322021484375\nWARMUP/crypto-md5: DFGFTL_ON: 0: 0: Time: 38.22314453125\nJSRegress/functionexp-afcall-1: DFGFTL_OFF: 2: 0: Time: 84.61767578125\nJSRegress/functionexp-afcall-2: DFGFTL_OFF: 3: 0: Time: 91.68994140625\nJSRegress/functionexp-afcall-1: DFGFTL_OFF: 3: 0: Time: 74.660888671875\nJSRegress/arrowfunction-afcall: DFGFTL_OFF: 1: 0: Time: 81.64892578125\nJSRegress/functionexp-afcall-2: DFGFTL_ON: 3: 0: Time: 48.77587890625\nJSRegress/functionexp-afcall-2: DFGFTL_ON: 1: 0: Time: 51.120849609375\nJSRegress/functionexp-afcall-1: DFGFTL_ON: 1: 0: Time: 50.1767578125\nJSRegress/arrowfunction-afcall: DFGFTL_OFF: 3: 0: Time: 93.68310546875\nJSRegress/functionexp-afcall-1: DFGFTL_OFF: 1: 0: Time: 75.88427734375\nJSRegress/functionexp-afcall-2: DFGFTL_OFF: 2: 0: Time: 71.00390625\nJSRegress/arrowfunction-afcall: DFGFTL_ON: 1: 0: Time: 91.964111328125\nJSRegress/functionexp-afcall-1: DFGFTL_OFF: 0: 0: Time: 76.228271484375\nJSRegress/functionexp-afcall-1: DFGFTL_ON: 3: 0: Time: 49.203857421875\nJSRegress/arrowfunction-afcall: DFGFTL_ON: 2: 0: Time: 87.594970703125\nJSRegress/functionexp-afcall-2: DFGFTL_ON: 2: 0: Time: 46.135009765625\nJSRegress/arrowfunction-afcall: DFGFTL_OFF: 2: 0: Time: 80.642822265625\nJSRegress/functionexp-afcall-2: DFGFTL_OFF: 0: 0: Time: 80.9560546875\nJSRegress/arrowfunction-afcall: DFGFTL_OFF: 0: 0: Time: 75.138916015625\nJSRegress/functionexp-afcall-1: DFGFTL_ON: 0: 0: Time: 51.775146484375\nJSRegress/functionexp-afcall-2: DFGFTL_ON: 0: 0: Time: 55.483154296875\nJSRegress/functionexp-afcall-2: DFGFTL_OFF: 1: 0: Time: 75.93017578125\nJSRegress/arrowfunction-afcall: DFGFTL_ON: 3: 0: Time: 89.5888671875\nJSRegress/functionexp-afcall-1: DFGFTL_ON: 2: 0: Time: 44.824951171875\nJSRegress/arrowfunction-afcall: DFGFTL_ON: 0: 0: Time: 84.038818359375\n"}
