{"vms":["Foo"],"suites":{"JSRegress":{"arrowfunction-afcall":{"Foo":{"data":[123.7060546875,115.482177734375,109.4580078125,110.4140625],"mean":114.76507568359375,"confInt":10.375600279965632}},"functionexp-afcall-1":{"Foo":{"data":[113.77685546875,109.864013671875,111.376953125,102.047119140625],"mean":109.2662353515625,"confInt":8.075815166147102}},"functionexp-afcall-2":{"Foo":{"data":[124.22216796875,110.6162109375,106.136962890625,104.072265625],"mean":111.26190185546875,"confInt":14.419122519479343}},"<geometric>":{"Foo":{"data":[110.4279544514437,109.02986937733759,115.08048647591187,111.85998261985934],"mean":111.59957323113812,"confInt":4.12498500387164}}}},"runlog":"HOSTNAME:MacBook-Pro-Skachkov.local\n\nHARDWARE:hw.model: MacBookPro8,1\n\nWARMUP/string-unpack-code: Foo: 0: 0: Time: 182.126953125\nCannot compile code block formatDate#DK9Ab5:[0x10a2d9960->0x10a099900, LLIntFunctionCall, 897] because of opcode op_call_eval\nCannot compile code block formatDate#DK9Ab5:[0x10a2b0258->0x10b81f400, LLIntFunctionCall, 897] because of opcode op_call_eval\nCannot compile code block formatDate#DK9Ab5:[0x10a2ab960->0x10b8fec00, LLIntFunctionCall, 897] because of opcode op_call_eval\nCannot compile code block formatDate#DK9Ab5:[0x10c2ff258->0x10c43a400, LLIntFunctionCall, 897] because of opcode op_call_eval\nCannot compile code block formatDate#DK9Ab5:[0x10c6fe960->0x10a099900, LLIntFunctionCall, 897] because of opcode op_call_eval\nCannot compile code block formatDate#DK9Ab5:[0x10bafc258->0x10c5bb400, LLIntFunctionCall, 897] because of opcode op_call_eval\nCannot compile code block formatDate#DK9Ab5:[0x10a2b0960->0x10b0bec00, LLIntFunctionCall, 897] because of opcode op_call_eval\nCannot compile code block formatDate#DK9Ab5:[0x10a2b6258->0x10b5be400, LLIntFunctionCall, 897] because of opcode op_call_eval\nWARMUP/date-format-tofte: Foo: 0: 0: Time: 103.844970703125\nWARMUP/string-fasta: Foo: 0: 0: Time: 76.460205078125\nWARMUP/3d-raytrace: Foo: 0: 0: Time: 58.43798828125\nWARMUP/crypto-sha1: Foo: 0: 0: Time: 19.237060546875\nWARMUP/string-tagcloud: Foo: 0: 0: Time: 88.7421875\nWARMUP/3d-cube: Foo: 0: 0: Time: 66.9521484375\nWARMUP/math-spectral-norm: Foo: 0: 0: Time: 38.974853515625\nWARMUP/bitops-nsieve-bits: Foo: 0: 0: Time: 119.793212890625\nWARMUP/math-partial-sums: Foo: 0: 0: Time: 72.05126953125\nWARMUP/bitops-3bit-bits-in-byte: Foo: 0: 0: Time: 23.699951171875\nWARMUP/math-cordic: Foo: 0: 0: Time: 50.08984375\nWARMUP/access-nsieve: Foo: 0: 0: Time: 23.998046875\nWARMUP/3d-morph: Foo: 0: 0: Time: 101.7060546875\nWARMUP/regexp-dna: Foo: 0: 0: Time: 86.125244140625\nWARMUP/access-binary-trees: Foo: 0: 0: Time: 17.643798828125\nWARMUP/string-base64: Foo: 0: 0: Time: 44.703125\nWARMUP/crypto-aes: Foo: 0: 0: Time: 39.56298828125\nWARMUP/bitops-bitwise-and: Foo: 0: 0: Time: 33.9990234375\nWARMUP/access-nbody: Foo: 0: 0: Time: 39.989013671875\nWARMUP/controlflow-recursive: Foo: 0: 0: Time: 12.734130859375\nWARMUP/bitops-bits-in-byte: Foo: 0: 0: Time: 29.081787109375\nWARMUP/string-validate-input: Foo: 0: 0: Time: 38.537841796875\nWARMUP/date-format-xparb: Foo: 0: 0: Time: 89.77392578125\nWARMUP/access-fannkuch: Foo: 0: 0: Time: 102.197265625\nWARMUP/crypto-md5: Foo: 0: 0: Time: 29.729736328125\nJSRegress/arrowfunction-afcall: Foo: 2: 0: Time: 123.7060546875\nJSRegress/functionexp-afcall-2: Foo: 3: 0: Time: 124.22216796875\nJSRegress/arrowfunction-afcall: Foo: 0: 0: Time: 115.482177734375\n--> finish\n--> finish\n--> finish\n--> finish\n--> finish\n--> finish\n--> finish\n--> finish\nJSRegress/functionexp-afcall-1: Foo: 1: 0: Time: 113.77685546875\nJSRegress/arrowfunction-afcall: Foo: 1: 0: Time: 109.4580078125\nJSRegress/functionexp-afcall-2: Foo: 2: 0: Time: 110.6162109375\nJSRegress/functionexp-afcall-2: Foo: 0: 0: Time: 106.136962890625\n--> finish\n--> finish\n--> finish\n--> finish\n--> finish\n--> finish\n--> finish\n--> finish\nJSRegress/functionexp-afcall-1: Foo: 0: 0: Time: 109.864013671875\n--> finish\n--> finish\n--> finish\n--> finish\n--> finish\n--> finish\n--> finish\n--> finish\nJSRegress/functionexp-afcall-1: Foo: 2: 0: Time: 111.376953125\nJSRegress/functionexp-afcall-2: Foo: 1: 0: Time: 104.072265625\n--> finish\n--> finish\n--> finish\n--> finish\n--> finish\n--> finish\n--> finish\n--> finish\nJSRegress/functionexp-afcall-1: Foo: 3: 0: Time: 102.047119140625\nJSRegress/arrowfunction-afcall: Foo: 3: 0: Time: 110.4140625\n"}
